{
  "project_info": {
    "project_number": "24786996175",
    "project_id": "begawanpolosoro-1a915",
    "storage_bucket": "begawanpolosoro-1a915.appspot.com"
  },
  "client": [
    {
      "client_info": {
        "mobilesdk_app_id": "1:24786996175:android:b0c162c27ba5b3ed9320ba",
        "android_client_info": {
          "package_name": "com.pt.begawanpolosoro"
        }
      },
      "oauth_client": [
        {
          "client_id": "24786996175-mfamn24o5lp9gh5saob9n33n089j0ldc.apps.googleusercontent.com",
          "client_type": 3
        }
      ],
      "api_key": [
        {
          "current_key": "AIzaSyBOpmVcW-clk_SAzMsinxEzz39qNftOPcg"
        }
      ],
      "services": {
        "appinvite_service": {
          "other_platform_oauth_client": [
            {
              "client_id": "24786996175-mfamn24o5lp9gh5saob9n33n089j0ldc.apps.googleusercontent.com",
              "client_type": 3
            }
          ]
        }
      }
    }
  ],
  "configuration_version": "1"
}